{"cameraMode":{"drawMode":0,"name":"Shaded","section":"Shading Mode"},"sceneLighting":false,"audioPlay":false,"sceneViewState":{"showFog":true,"showMaterialUpdate":false,"showSkybox":false,"showFlares":true,"showImageEffects":true,"showParticleSystems":true},"in2DMode":false,"pivot":{"x":488.59912109375,"y":103.19999694824219,"z":335.8999938964844},"rotation":{"x":0.4349672496318817,"y":0.5499199628829956,"z":-0.4101744294166565,"w":0.583271861076355},"size":1.3583132028579713,"orthographic":false}